text,count,roundtable,sent
hummus,50,FeaturePrioritization,#72CCD7
feature,41,FeaturePrioritization,#273248
leader,15,FeaturePrioritization,#273248
ideas,12,FeaturePrioritization,#273248
submission,11,FeaturePrioritization,#EB2D7C
observations,11,FeaturePrioritization,#273248
conversation,7,FeaturePrioritization,#273248
user,7,FeaturePrioritization,#72CCD7
discussion,7,FeaturePrioritization,#273248
something,6,FeaturePrioritization,#72CCD7
page,6,FeaturePrioritization,#EB2D7C
response,6,FeaturePrioritization,#273248
box,5,FeaturePrioritization,#72CCD7
experience,5,FeaturePrioritization,#72CCD7
comments,4,FeaturePrioritization,#273248
value,4,FeaturePrioritization,#EB2D7C
reminder,4,FeaturePrioritization,#273248
dates,4,FeaturePrioritization,#72CCD7
engagement,4,FeaturePrioritization,#EB2D7C
team,4,FeaturePrioritization,#72CCD7
posts,3,FeaturePrioritization,#EB2D7C
people,3,FeaturePrioritization,#72CCD7
time,3,FeaturePrioritization,#EB2D7C
table,3,FeaturePrioritization,#273248
email,3,FeaturePrioritization,#EB2D7C
identity,3,FeaturePrioritization,#273248
links,3,FeaturePrioritization,#EB2D7C
process,3,FeaturePrioritization,#273248
one,3,FeaturePrioritization,#EB2D7C
option,3,FeaturePrioritization,#72CCD7
tool,3,FeaturePrioritization,#273248
text,3,FeaturePrioritization,#72CCD7
feedback,2,FeaturePrioritization,#EB2D7C
others,2,FeaturePrioritization,#72CCD7
tasks,2,FeaturePrioritization,#273248
addition,2,FeaturePrioritization,#EB2D7C
track,2,FeaturePrioritization,#72CCD7
priority,2,FeaturePrioritization,#EB2D7C
se,2,FeaturePrioritization,#273248
impactful,2,FeaturePrioritization,#273248
space,2,FeaturePrioritization,#273248
lot,2,FeaturePrioritization,#EB2D7C
opinion,2,FeaturePrioritization,#72CCD7
meeting,2,FeaturePrioritization,#EB2D7C
part,2,FeaturePrioritization,#EB2D7C
contributions,2,FeaturePrioritization,#273248
questions,2,FeaturePrioritization,#72CCD7
order,2,FeaturePrioritization,#EB2D7C
way,2,FeaturePrioritization,#72CCD7
model,2,FeaturePrioritization,#EB2D7C
participants,2,FeaturePrioritization,#72CCD7
aside,1,FeaturePrioritization,#72CCD7
panes,1,FeaturePrioritization,#72CCD7
incentive,1,FeaturePrioritization,#273248
improvements,1,FeaturePrioritization,#EB2D7C
thread,1,FeaturePrioritization,#72CCD7
impact,1,FeaturePrioritization,#72CCD7
right,1,FeaturePrioritization,#EB2D7C
alternative,1,FeaturePrioritization,#72CCD7
wait,1,FeaturePrioritization,#273248
till,1,FeaturePrioritization,#72CCD7
slack,1,FeaturePrioritization,#EB2D7C
discord,1,FeaturePrioritization,#EB2D7C
layout,1,FeaturePrioritization,#EB2D7C
reading,1,FeaturePrioritization,#273248
opinion.1,1,FeaturePrioritization,#EB2D7C
request,1,FeaturePrioritization,#273248
situation,1,FeaturePrioritization,#72CCD7
anonymity,1,FeaturePrioritization,#EB2D7C
place,1,FeaturePrioritization,#EB2D7C
name,1,FeaturePrioritization,#72CCD7
use,1,FeaturePrioritization,#72CCD7
focus,1,FeaturePrioritization,#EB2D7C
behaviour,1,FeaturePrioritization,#273248
objects,1,FeaturePrioritization,#72CCD7
fence,1,FeaturePrioritization,#72CCD7
circle,1,FeaturePrioritization,#EB2D7C
point,1,FeaturePrioritization,#273248
builds,1,FeaturePrioritization,#72CCD7
sales,1,FeaturePrioritization,#273248
core,1,FeaturePrioritization,#273248
kind,1,FeaturePrioritization,#72CCD7
parlay,1,FeaturePrioritization,#72CCD7
school,1,FeaturePrioritization,#EB2D7C
medium,1,FeaturePrioritization,#EB2D7C
platform,1,FeaturePrioritization,#72CCD7
synthesis,1,FeaturePrioritization,#72CCD7
consensus,1,FeaturePrioritization,#273248
direction,1,FeaturePrioritization,#EB2D7C
string,1,FeaturePrioritization,#72CCD7
everyone,1,FeaturePrioritization,#72CCD7
none,1,FeaturePrioritization,#273248
competition,1,FeaturePrioritization,#EB2D7C
function,1,FeaturePrioritization,#72CCD7
face-to-face,1,FeaturePrioritization,#72CCD7
project,1,FeaturePrioritization,#273248
etc.i,1,FeaturePrioritization,#72CCD7
adoption,1,FeaturePrioritization,#273248
omit,1,FeaturePrioritization,#EB2D7C
concise,1,FeaturePrioritization,#72CCD7
end-of-discussion,1,FeaturePrioritization,#EB2D7C
info,1,FeaturePrioritization,#72CCD7
leadership,1,FeaturePrioritization,#273248
accountability,1,FeaturePrioritization,#EB2D7C
onus,1,FeaturePrioritization,#EB2D7C
product,1,FeaturePrioritization,#72CCD7
mechanisms,1,FeaturePrioritization,#72CCD7
number,1,FeaturePrioritization,#EB2D7C
result,1,FeaturePrioritization,#EB2D7C
rates,1,FeaturePrioritization,#EB2D7C
member,1,FeaturePrioritization,#273248
language,1,FeaturePrioritization,#72CCD7
thing,1,FeaturePrioritization,#EB2D7C
definition,1,FeaturePrioritization,#72CCD7
changes,1,FeaturePrioritization,#273248
run,1,FeaturePrioritization,#72CCD7
suggestions,1,FeaturePrioritization,#EB2D7C
sync,1,FeaturePrioritization,#273248
default,1,FeaturePrioritization,#EB2D7C
difference,1,FeaturePrioritization,#EB2D7C
circumstances,1,FeaturePrioritization,#273248
practice,1,FeaturePrioritization,#EB2D7C
calendar,1,FeaturePrioritization,#72CCD7
selecting,1,FeaturePrioritization,#72CCD7
ability,1,FeaturePrioritization,#273248
portion,1,FeaturePrioritization,#273248
work,1,FeaturePrioritization,#72CCD7
insights,1,FeaturePrioritization,#72CCD7
individual,1,FeaturePrioritization,#72CCD7
highlights,1,FeaturePrioritization,#EB2D7C
contributors,1,FeaturePrioritization,#72CCD7
information,1,FeaturePrioritization,#273248
back,1,FeaturePrioritization,#273248
forth,1,FeaturePrioritization,#EB2D7C
example,1,FeaturePrioritization,#72CCD7
end,1,FeaturePrioritization,#273248
star,1,FeaturePrioritization,#72CCD7
summary,1,FeaturePrioritization,#273248
vote,1,FeaturePrioritization,#72CCD7
data,1,FeaturePrioritization,#72CCD7
scroll,1,FeaturePrioritization,#72CCD7
view,1,FeaturePrioritization,#273248
parlay,23,MarketingPrompt,#273248
teachers,23,MarketingPrompt,#273248
share,12,MarketingPrompt,#72CCD7
users,10,MarketingPrompt,#72CCD7
universe,10,MarketingPrompt,#273248
video,9,MarketingPrompt,#EB2D7C
questions,9,MarketingPrompt,#72CCD7
campaigns,9,MarketingPrompt,#273248
discussion,9,MarketingPrompt,#EB2D7C
profiles,8,MarketingPrompt,#72CCD7
content,8,MarketingPrompt,#EB2D7C
people,8,MarketingPrompt,#EB2D7C
interviews,8,MarketingPrompt,#72CCD7
portfolios,7,MarketingPrompt,#72CCD7
features,6,MarketingPrompt,#273248
series,6,MarketingPrompt,#72CCD7
tool,5,MarketingPrompt,#72CCD7
communities,5,MarketingPrompt,#273248
roundtables,5,MarketingPrompt,#EB2D7C
week,5,MarketingPrompt,#273248
ups,5,MarketingPrompt,#273248
testimonials,4,MarketingPrompt,#EB2D7C
channels,4,MarketingPrompt,#273248
launch,4,MarketingPrompt,#273248
media,4,MarketingPrompt,#273248
class,4,MarketingPrompt,#EB2D7C
summer,4,MarketingPrompt,#EB2D7C
schools,4,MarketingPrompt,#EB2D7C
year,4,MarketingPrompt,#273248
example,4,MarketingPrompt,#273248
conversation,4,MarketingPrompt,#273248
images,4,MarketingPrompt,#72CCD7
time,4,MarketingPrompt,#273248
sign,4,MarketingPrompt,#EB2D7C
influencers,3,MarketingPrompt,#273248
opportunity,3,MarketingPrompt,#EB2D7C
brand,3,MarketingPrompt,#273248
engagement,3,MarketingPrompt,#EB2D7C
posts,3,MarketingPrompt,#EB2D7C
decision,3,MarketingPrompt,#273248
message,3,MarketingPrompt,#273248
success,3,MarketingPrompt,#72CCD7
part,3,MarketingPrompt,#72CCD7
blog,3,MarketingPrompt,#EB2D7C
ways,3,MarketingPrompt,#EB2D7C
recording,3,MarketingPrompt,#EB2D7C
experience,3,MarketingPrompt,#EB2D7C
end,3,MarketingPrompt,#273248
feedback,3,MarketingPrompt,#EB2D7C
ideas,3,MarketingPrompt,#72CCD7
educators,2,MarketingPrompt,#EB2D7C
facebook,2,MarketingPrompt,#72CCD7
audience,2,MarketingPrompt,#273248
value,2,MarketingPrompt,#72CCD7
teaching,2,MarketingPrompt,#EB2D7C
step,2,MarketingPrompt,#EB2D7C
calls,2,MarketingPrompt,#72CCD7
page,2,MarketingPrompt,#273248
sharing,2,MarketingPrompt,#273248
plan,2,MarketingPrompt,#EB2D7C
strategies,2,MarketingPrompt,#EB2D7C
makers,2,MarketingPrompt,#273248
webinars,2,MarketingPrompt,#72CCD7
number,2,MarketingPrompt,#273248
registrants,2,MarketingPrompt,#EB2D7C
participants,2,MarketingPrompt,#72CCD7
process,2,MarketingPrompt,#273248
minutes,2,MarketingPrompt,#273248
sort,2,MarketingPrompt,#EB2D7C
scale,2,MarketingPrompt,#273248
reveal,2,MarketingPrompt,#EB2D7C
advance,2,MarketingPrompt,#72CCD7
students,2,MarketingPrompt,#273248
clips,2,MarketingPrompt,#273248
clarity,2,MarketingPrompt,#273248
measurement,2,MarketingPrompt,#72CCD7
classroom,2,MarketingPrompt,#EB2D7C
basis,2,MarketingPrompt,#EB2D7C
usage,2,MarketingPrompt,#273248
socials,2,MarketingPrompt,#72CCD7
prep,2,MarketingPrompt,#72CCD7
change,2,MarketingPrompt,#EB2D7C
tops,1,MarketingPrompt,#273248
forum,1,MarketingPrompt,#273248
cult,1,MarketingPrompt,#273248
pedagogy,1,MarketingPrompt,#72CCD7
podcast,1,MarketingPrompt,#72CCD7
videoask,1,MarketingPrompt,#72CCD7
https,1,MarketingPrompt,#273248
www.videoask.com,1,MarketingPrompt,#EB2D7C
point,1,MarketingPrompt,#72CCD7
superusers,1,MarketingPrompt,#273248
conferences,1,MarketingPrompt,#273248
expertise,1,MarketingPrompt,#EB2D7C
experiment,1,MarketingPrompt,#EB2D7C
hype,1,MarketingPrompt,#EB2D7C
quality,1,MarketingPrompt,#72CCD7
drip,1,MarketingPrompt,#EB2D7C
rt,1,MarketingPrompt,#273248
cultofpedagogy,1,MarketingPrompt,#72CCD7
code,1,MarketingPrompt,#EB2D7C
something,1,MarketingPrompt,#EB2D7C
dollars,1,MarketingPrompt,#72CCD7
episode,1,MarketingPrompt,#72CCD7
jake,1,MarketingPrompt,#EB2D7C
miller,1,MarketingPrompt,#EB2D7C
mud,1,MarketingPrompt,#72CCD7
ink,1,MarketingPrompt,#72CCD7
melissa,1,MarketingPrompt,#273248
kruse,1,MarketingPrompt,#72CCD7
asap,1,MarketingPrompt,#273248
walkthrough,1,MarketingPrompt,#EB2D7C
idea.as,1,MarketingPrompt,#EB2D7C
website,1,MarketingPrompt,#EB2D7C
head,1,MarketingPrompt,#273248
twitter,1,MarketingPrompt,#72CCD7
linkedin,1,MarketingPrompt,#273248
base,1,MarketingPrompt,#EB2D7C
revenue,1,MarketingPrompt,#72CCD7
signups,1,MarketingPrompt,#72CCD7
branding,1,MarketingPrompt,#72CCD7
exercise,1,MarketingPrompt,#273248
structures,1,MarketingPrompt,#EB2D7C
metrics,1,MarketingPrompt,#EB2D7C
start,1,MarketingPrompt,#EB2D7C
topics,1,MarketingPrompt,#72CCD7
snippets,1,MarketingPrompt,#273248
answer,1,MarketingPrompt,#EB2D7C
world,1,MarketingPrompt,#72CCD7
challenges,1,MarketingPrompt,#EB2D7C
online,1,MarketingPrompt,#273248
peer,1,MarketingPrompt,#273248
edweb,1,MarketingPrompt,#EB2D7C
leads,1,MarketingPrompt,#273248
districts,1,MarketingPrompt,#273248
impressions,1,MarketingPrompt,#273248
likes,1,MarketingPrompt,#72CCD7
retweets,1,MarketingPrompt,#72CCD7
bounce-rate,1,MarketingPrompt,#72CCD7
landing,1,MarketingPrompt,#72CCD7
version,1,MarketingPrompt,#273248
conversion,1,MarketingPrompt,#EB2D7C
rates,1,MarketingPrompt,#273248
customers,1,MarketingPrompt,#72CCD7
interactions,1,MarketingPrompt,#EB2D7C
proof,1,MarketingPrompt,#EB2D7C
making,1,MarketingPrompt,#72CCD7
pdfs,1,MarketingPrompt,#273248
settings,1,MarketingPrompt,#EB2D7C
zoom,1,MarketingPrompt,#72CCD7
chunks,1,MarketingPrompt,#72CCD7
messaging,1,MarketingPrompt,#273248
right,1,MarketingPrompt,#273248
cadence,1,MarketingPrompt,#72CCD7
acquisition,1,MarketingPrompt,#273248
stickiness,1,MarketingPrompt,#72CCD7
ability,1,MarketingPrompt,#72CCD7
hinges,1,MarketingPrompt,#273248
building,1,MarketingPrompt,#72CCD7
day,1,MarketingPrompt,#273248
homepage,1,MarketingPrompt,#72CCD7
emphasis,1,MarketingPrompt,#72CCD7
learning,1,MarketingPrompt,#EB2D7C
goals,1,MarketingPrompt,#EB2D7C
impact,1,MarketingPrompt,#EB2D7C
instagram,1,MarketingPrompt,#72CCD7
slide,1,MarketingPrompt,#273248
someone,1,MarketingPrompt,#72CCD7
kind,1,MarketingPrompt,#EB2D7C
template,1,MarketingPrompt,#EB2D7C
let,1,MarketingPrompt,#273248
work,1,MarketingPrompt,#72CCD7
incentive,1,MarketingPrompt,#72CCD7
sir,1,MarketingPrompt,#273248
zealand,1,MarketingPrompt,#72CCD7
suggestions,1,MarketingPrompt,#EB2D7C
announcements,1,MarketingPrompt,#273248
update,1,MarketingPrompt,#72CCD7
map,1,MarketingPrompt,#273248
regards,1,MarketingPrompt,#273248
words,1,MarketingPrompt,#72CCD7
look,1,MarketingPrompt,#72CCD7
sound,1,MarketingPrompt,#EB2D7C
timing-wise,1,MarketingPrompt,#273248
anticipation,1,MarketingPrompt,#EB2D7C
turn,1,MarketingPrompt,#72CCD7
whole,1,MarketingPrompt,#72CCD7
factors,1,MarketingPrompt,#72CCD7
snapshot,1,MarketingPrompt,#72CCD7
ready,1,MarketingPrompt,#273248
months,1,MarketingPrompt,#273248
clue,1,MarketingPrompt,#EB2D7C
fall,1,MarketingPrompt,#273248
show,1,MarketingPrompt,#72CCD7
range,1,MarketingPrompt,#273248
subjects,1,MarketingPrompt,#273248
ex,1,MarketingPrompt,#72CCD7
polls,1,MarketingPrompt,#72CCD7
countries,1,MarketingPrompt,#72CCD7
lot,1,MarketingPrompt,#273248
resource,1,MarketingPrompt,#EB2D7C
drive,1,MarketingPrompt,#72CCD7
folder,1,MarketingPrompt,#273248
youtube,1,MarketingPrompt,#72CCD7
team,1,MarketingPrompt,#72CCD7
voices,1,MarketingPrompt,#273248
platforms,1,MarketingPrompt,#72CCD7
responses,1,MarketingPrompt,#EB2D7C
fail,1,MarketingPrompt,#72CCD7
powerhouse,1,MarketingPrompt,#72CCD7
daily,1,MarketingPrompt,#EB2D7C
place,1,MarketingPrompt,#273248
ton,1,MarketingPrompt,#72CCD7
knowledge,1,MarketingPrompt,#273248
sept,1,MarketingPrompt,#273248
everyone,1,MarketingPrompt,#72CCD7
intercom,1,MarketingPrompt,#EB2D7C
licenses,1,MarketingPrompt,#72CCD7
ones,1,MarketingPrompt,#72CCD7
email,1,MarketingPrompt,#273248
mind,1,MarketingPrompt,#273248
flow,1,MarketingPrompt,#72CCD7
support,1,MarketingPrompt,#EB2D7C
interest,1,MarketingPrompt,#72CCD7
environment,1,MarketingPrompt,#273248
excitement,1,MarketingPrompt,#273248
trust,1,MarketingPrompt,#EB2D7C
money,1,MarketingPrompt,#EB2D7C
option,1,MarketingPrompt,#273248
link,1,MarketingPrompt,#72CCD7
clicks,1,MarketingPrompt,#273248
quadrant,1,MarketingPrompt,#72CCD7
